,customer_id,prediction_of_churn,probability_of_churn
0,2851-MMUTZ,0,0.2909642857142857
1,4257-GAESD,0,0.13172194472194468
2,2688-BHGOG,1,0.6893980374724131
3,7005-CYUIL,0,0.046
4,2228-BZDEE,0,0.022606856937782038
5,0231-LXVAP,0,0.49767249417249415
6,8433-WPJTV,0,0.16580952380952382
7,0723-VSOBE,0,0.351161531851403
8,5668-MEISB,0,0.0
9,1442-BQPVU,1,0.5434508196911448
10,3594-IVHJZ,0,0.22211593108078267
11,8731-WBBMB,0,0.03
12,8532-UEFWH,0,0.0
13,2484-DGXPZ,0,0.13943330645185598
14,3967-KXAPS,0,0.0
15,8490-BXHEO,1,0.7473018071539745
16,9136-ALYBR,0,0.3845480217890872
17,2800-VEQXM,1,0.6728333333333332
18,6131-JLWZM,0,0.22211593108078267
19,8908-NMQTX,0,0.0
20,6308-CQRBU,0,0.0
21,3160-TYXLT,0,0.17802380952380947
22,0030-FNXPP,0,0.22211593108078267
23,2430-USGXP,1,0.625435211546934
24,1846-XWOQN,1,0.6893980374724131
25,0596-BQCEQ,0,0.15070329670329669
26,9402-ORRAH,1,0.6893980374724131
27,2920-RNCEZ,0,0.2925396825396824
28,0836-SEYLU,0,0.11169810083277575
29,0722-TROQR,1,0.6844226957697217
30,5546-BYZSM,0,0.15692299262758092
31,1986-PHGZF,0,0.03785714285714285
32,1414-YADCW,0,0.16799999999999998
33,5934-TSSAU,0,0.1883870851370851
34,3913-RDSJZ,0,0.0
35,8474-UMLNT,0,0.0225
36,2519-ERQOJ,0,0.4838809523809524
37,9190-MFJLN,0,0.3337071955821955
38,1629-DQQVB,0,0.0
39,4154-AQUGT,0,0.09642857142857142
40,0285-INHLN,0,0.042
41,5271-DBYSJ,1,0.6225289327115952
42,5736-YEJAX,0,0.05350408040980551
43,8292-TYSPY,0,0.01
44,6349-JDHQP,0,0.0
45,2220-IAHLS,0,0.038862900140604235
46,4325-NFSKC,1,0.5576574871541642
47,5989-OMNJE,0,0.21285714285714286
48,2085-JVGAD,0,0.3155466893992125
49,2040-VZIKE,1,0.6833571428571426
50,4682-BLBUC,0,0.13833333333333334
51,6603-QWSPR,0,0.11453427128427127
52,4525-VZCZG,0,0.19666666666666666
53,8319-QBEHW,1,0.5406666666666667
54,7695-PKLCZ,0,0.0
55,3320-VEOYC,1,0.6844226957697217
56,5356-CSVSQ,1,0.5037501803751804
57,2664-XJZNO,0,0.02119047619047619
58,4373-VVHQL,1,0.5416820488642347
59,8909-BOLNL,0,0.0
60,7576-JMYWV,0,0.14804761904761907
61,0854-UYHZD,0,0.0
62,4513-CXYIX,0,0.019444444444444445
63,6921-OZMFH,0,0.04828174603174602
64,1790-NESIO,0,0.022606856937782038
65,3207-OYBWH,0,0.4991677767966468
66,3737-GCSPV,0,0.0588116883116883
67,0224-NIJLP,0,0.0
68,9402-CXWPL,0,0.21146103896103888
69,5220-AGAAX,0,0.0
70,5656-JAMLX,0,0.0
71,5651-CRHKQ,1,0.6466666666666666
72,6655-LHBYW,0,0.20380158730158723
73,4236-XPXAV,0,0.1465
74,0967-BMLBD,0,0.026388258059100955
75,7786-WBJYI,0,0.4890769376822006
76,1579-KLYDT,1,0.625435211546934
77,2004-OCQXK,1,0.6893980374724131
78,2176-OSJUV,0,0.01
79,2955-BJZHG,1,0.7712748831816311
80,2535-PBCGC,0,0.0
81,6100-FJZDG,0,0.14569295537661056
82,3887-PBQAO,0,0.01
83,3935-TBRZZ,0,0.0
84,7794-JASDG,0,0.1537896825396825
85,9921-ZVRHG,1,0.625435211546934
86,0739-UUAJR,0,0.02
87,0397-ZXWQF,0,0.0
88,5501-TVMGM,1,0.5416820488642347
89,0508-SQWPL,0,0.0
90,6215-NQCPY,1,0.5576574871541642
91,2005-DWQZJ,0,0.0
92,9025-AOMKI,1,0.6030441619456293
93,8714-EUHJO,1,0.5123672438672439
94,7876-AEHIG,0,0.2
95,9661-MHUMO,1,0.7141666666666666
96,4859-ZSRDZ,0,0.026666666666666665
97,1335-HQMKX,0,0.2542160617160616
98,4006-HKYHO,0,0.0
99,9028-LIHRP,0,0.0
100,6402-ZFPPI,0,0.20035714285714287
101,8295-FHIVV,0,0.22211593108078267
102,6267-DCFFZ,1,0.6417716921811301
103,0816-TSPHQ,0,0.22211593108078267
104,6114-TCFID,0,0.11
105,5529-GIBVH,0,0.022606856937782038
106,0103-CSITQ,0,0.04391305916305917
107,5056-FIMPT,0,0.2614285714285714
108,1699-UOTXU,0,0.01
109,4568-KNYWR,0,0.0
110,3898-BSJYF,0,0.1575
111,8958-JPTRR,0,0.27068650793650784
112,2876-VBBBL,0,0.22211593108078267
113,4060-LDNLU,1,0.6844226957697217
114,3426-NIYYL,0,0.3192802475302473
115,9027-YFHQJ,0,0.02032428355957768
116,4143-OOBWZ,1,0.6417716921811301
117,9269-CQOOL,0,0.07656839402427637
118,2235-ZGKPT,0,0.04512698412698413
119,7246-ZGQDF,0,0.47542857142857137
120,7136-RVDTZ,0,0.351161531851403
121,9122-UMROB,0,0.22211593108078267
122,4468-YDOVK,0,0.31755158730158733
123,7123-WQUHX,0,0.05904401154401154
124,8577-QSOCG,0,0.0
125,2091-RFFBA,1,0.6844226957697217
126,7739-LAXOG,0,0.08254884004884006
127,9068-FHQHD,0,0.0
128,7740-BTPUX,0,0.0
129,9541-PWTWO,0,0.02
130,0822-GAVAP,1,0.6122983136419031
131,6839-ITVZJ,0,0.10100000000000002
132,1212-GLHMD,1,0.7765238095238091
133,4951-UKAAQ,1,0.6417716921811301
134,8626-XHBIE,0,0.0
135,1025-FALIX,1,0.6225289327115952
136,7854-EDSSA,0,0.14539652014652016
137,7670-ZBPOQ,0,0.0
138,5216-WASFJ,1,0.6844226957697217
139,1166-PQLGG,0,0.0
140,8901-HJXTF,0,0.3982619047619048
141,1752-OZXFY,0,0.02076190476190476
142,0230-WEQUW,0,0.0
143,5236-XMZJY,0,0.015666666666666666
144,0793-TWELN,1,0.5576574871541642
145,6823-SIDFQ,0,0.03625364873255721
146,1291-CUOCY,0,0.09997752247752244
147,7710-JSYOA,0,0.04
148,8874-EJNSR,0,0.0
149,9361-YNQWJ,0,0.09589866506042974
150,4429-WYGFR,1,0.5828784271284271
151,6976-BWGLQ,0,0.0
152,9880-TDQAC,0,0.0
153,5939-XAIXZ,0,0.4371194083694083
154,0220-EBGCE,1,0.6771748812547042
155,1086-LXKFY,1,0.6008163780663781
156,1183-CANVH,0,0.04016666666666666
157,4484-CGXFK,1,0.5416820488642347
158,8547-NSBBO,0,0.2625
159,5366-IJEQJ,1,0.625435211546934
160,5515-IDEJJ,0,0.13943330645185598
161,6194-HBGQN,0,0.1976395891690009
162,1852-XEMDW,0,0.04
163,7801-CEDNV,0,0.09912222222222221
164,9251-AWQGT,0,0.0
165,9138-EFSMO,0,0.045
166,8748-HFWBO,0,0.026388258059100955
167,1602-IJQQE,1,0.6844226957697217
168,7306-YDSOI,0,0.0075
169,2050-ONYDQ,0,0.0
170,4822-RVYBB,1,0.625435211546934
171,8060-HIWJJ,0,0.0
172,6537-QLGEX,0,0.4959727272727274
173,2946-KIQSP,0,0.16333333333333336
174,7619-PLRLP,0,0.0
175,0872-CASZJ,0,0.215
176,3776-EKTKM,1,0.6122983136419031
177,9128-CPXKI,1,0.6458333333333335
178,7399-QHBJS,0,0.0
179,7379-FNIUJ,0,0.29136138861138855
180,8152-UOBNY,0,0.07704978354978355
181,5274-XHAKY,0,0.49724458874458866
182,0815-MFZGM,0,0.01
183,8095-WANWK,0,0.42455269549515295
184,0114-IGABW,0,0.0025
185,5161-UBZXI,0,0.005
186,1073-XXCZD,0,0.0
187,7469-LKBCI,0,0.0
188,6754-LZUKA,0,0.4131666666666667
189,6967-QIQRV,0,0.15
190,5698-BQJOH,1,0.6844226957697217
191,0377-JBKKT,0,0.15596428571428572
192,7622-FWGEW,0,0.0
193,0930-EHUZA,0,0.4124999999999999
194,4724-WXVWF,0,0.13188893800962764
195,7341-LXCAF,1,0.6844226957697217
196,0691-JVSYA,0,0.021111111111111112
197,3523-BRGUW,0,0.03625364873255721
198,0743-HNPFG,1,0.5608333333333334
199,0193-ESZXP,0,0.09
200,9866-OCCKE,0,0.039
201,0318-ZOPWS,0,0.0
202,3410-YOQBQ,0,0.005
203,0585-EGDDA,1,0.6071908091908091
204,4767-HZZHQ,1,0.7835
205,0824-VWDPO,0,0.32761904761904753
206,3454-JFUBC,0,0.0
207,6710-HSJRD,1,0.5737167402600839
208,8382-SHQEH,1,0.6844226957697217
209,1066-JKSGK,0,0.22211593108078267
210,4846-WHAFZ,1,0.6844226957697217
211,3696-DFHHB,0,0.0
212,8197-BFWVU,0,0.0
213,6557-BZXLQ,1,0.6893980374724131
214,3055-OYMSE,1,0.6072182539682539
215,4936-YPJNK,0,0.22211593108078267
216,1196-AMORA,1,0.6844226957697217
217,4211-MMAZN,0,0.22211593108078267
218,5127-BZENZ,0,0.012857142857142855
219,3030-YZADT,0,0.42455269549515295
220,7349-ALMUX,0,0.0
221,7812-FZHPE,0,0.0
222,5304-EFJLP,0,0.2542941364191363
223,3841-NFECX,0,0.0
224,2302-ANTDP,0,0.052111111111111115
225,5663-QBGIS,0,0.2829444444444444
226,3396-DKDEL,0,0.0
227,4201-JMNGR,0,0.005454545454545454
228,2889-FPWRM,0,0.0
229,9509-MPYOD,0,0.0
230,5032-MIYKT,1,0.5449486415164624
231,2272-QAGFO,1,0.6844226957697217
232,1173-NOEYG,0,0.27943839493839495
233,9408-SSNVZ,1,0.6893980374724131
234,5707-ORNDZ,0,0.0
235,6072-NUQCB,0,0.14569295537661056
236,7328-ZJAJO,0,0.0
237,5071-FBJFS,0,0.43307792207792206
238,1587-FKLZB,0,0.20002777777777778
239,5485-WUYWF,0,0.027916666666666666
240,0218-QNVAS,0,0.15437301587301586
241,2959-FENLU,0,0.3337071955821955
242,9424-CMPOG,0,0.0
243,9769-TSBZE,0,0.01
244,5515-RUGKN,0,0.38081327629199135
245,2519-TWKFS,0,0.19726190476190478
246,7926-IJOOU,0,0.038862900140604235
247,0812-WUPTB,1,0.5449486415164624
248,1265-HVPZB,0,0.10499999999999998
249,2012-NWRPA,1,0.625435211546934
250,7760-OYPDY,1,0.6893980374724131
251,0454-OKRCT,0,0.0
252,5951-AOFIH,0,0.0875
253,8738-JOKAR,0,0.015
254,1293-HHSHJ,0,0.0
255,3219-JQRSL,0,0.0
256,6418-HNFED,0,0.0
257,7473-ZBDSN,0,0.0
258,8749-JMNKX,1,0.9791666666666667
259,3229-USWAR,0,0.003333333333333333
260,1555-HAPSU,0,0.0
261,5049-MUBWG,0,0.0
262,1173-XZPYF,1,0.625435211546934
263,7291-CDTMJ,0,0.3155466893992125
264,6894-LFHLY,1,0.6844226957697217
265,8999-YPYBV,0,0.0
266,5153-RTHKF,1,0.6844226957697217
267,6134-KWTBV,0,0.0
268,5150-LJNSR,0,0.26933333333333315
269,7594-RQHXR,1,0.7712748831816311
270,9916-AYHTC,0,0.0
271,1042-HFUCW,0,0.43900000000000006
272,2806-MLNTI,0,0.0
273,0644-OQMDK,1,0.6893980374724131
274,3508-CFVZL,0,0.0
275,4476-OSWTN,0,0.4143333333333334
276,2867-UIMSS,1,0.6893980374724131
277,0380-NEAVX,0,0.006666666666666666
278,9013-AQORL,0,0.37042857142857144
279,5639-NTUPK,0,0.0075
280,2789-HQBOU,1,0.6893980374724131
281,3413-CSSTH,0,0.39686507936507937
282,2856-NNASM,1,0.5449486415164624
283,1282-IHQAC,0,0.20492857142857143
284,0343-QLUZP,0,0.0
285,7108-DGVUU,0,0.0
286,2632-TACXW,0,0.0
287,2018-PZKMU,1,0.5033225108225108
288,0810-BDHAW,0,0.05366666666666667
289,2578-JQPHZ,0,0.0
290,2672-DZUOY,1,0.6122983136419031
291,4094-NSEDU,1,0.6844226957697217
292,4304-XUMGI,0,0.02
293,2886-KEFUM,0,0.2542160617160616
294,6408-WHTEF,0,0.0
295,4193-ORFCL,0,0.42455269549515295
296,6680-NENYN,0,0.0
297,9508-ILZDG,1,0.5505274170274173
298,5909-ECHUI,1,0.5416820488642347
299,8999-XXGNS,0,0.17641225441225433
300,7102-JJVTX,0,0.11408333333333333
301,0064-SUDOG,0,0.0
302,1915-IOFGU,1,0.6893980374724131
303,7516-GMHUV,0,0.03386904761904762
304,0356-ERHVT,0,0.167956234082395
305,1498-NHTLT,0,0.0
306,8409-WQJUX,0,0.28954761904761905
307,0601-WZHJF,1,0.6122983136419031
308,2187-LZGPL,0,0.0
309,6032-IGALN,0,0.3845480217890872
310,9060-HJJRW,0,0.20492857142857143
311,5423-BHIXO,0,0.0
312,7767-UXAGJ,0,0.3192802475302473
313,6257-RJOHI,0,0.11985392385392382
314,3948-XHGNA,0,0.0
315,0334-ZFJSR,0,0.09872222222222221
316,7721-JXEAW,0,0.3276544566544567
317,5820-PTRYM,0,0.1976395891690009
318,3217-FZDMN,0,0.3337071955821955
319,7395-IGJOS,0,0.46030582995926145
320,3420-ZDBMA,1,0.5449486415164624
321,0670-KDOMA,0,0.22211593108078267
322,1732-FEKLD,0,0.0
323,2685-SREOM,1,0.84339898989899
324,7240-ETPTR,1,0.6568442478132038
325,2108-YKQTY,0,0.29976190476190473
326,8107-KNCIM,1,0.6844226957697217
327,6603-YRDCJ,0,0.0
328,7503-ZGUZJ,1,0.7840577458132989
329,3452-GWUIN,1,0.6844226957697217
330,6103-LIANB,0,0.01
331,8404-FYDIB,0,0.2512698412698412
332,3768-NLUBH,1,0.625435211546934
333,9317-WZPGV,0,0.46030582995926145
334,0386-CWRGM,0,0.0
335,2188-SXWVT,0,0.02083333333333333
336,4456-RHSNB,0,0.0848095238095238
337,6817-WTYHE,0,0.167956234082395
338,9674-EHPPG,0,0.0
339,4501-UYKBC,1,0.715
340,9643-YBLUR,0,0.175771645021645
341,5485-ITNPC,0,0.0
342,6633-MPWBS,0,0.3354624329918449
343,6377-WHAOX,1,0.5836390437293871
344,6305-YLBMM,1,0.6466666666666666
345,1346-PJWTK,0,0.19121825396825398
346,0708-LGSMF,0,0.0
347,4673-KKSLS,1,0.6404523809523809
348,5753-QQWPW,0,0.03333333333333333
349,1403-GYAFU,0,0.0
350,9348-YVOMK,0,0.38081327629199135
351,7096-UCLNH,0,0.22211593108078267
352,6848-HJTXY,0,0.0
353,8823-RLPWL,0,0.0
354,2369-UAPKZ,0,0.3970190365190366
355,4742-TXUEX,0,0.0
356,0196-JTUQI,1,0.691518650058531
357,5480-XTFFL,0,0.0
358,0303-UNCIP,0,0.35422619047619053
359,5180-UCIIQ,0,0.04476587301587302
360,5149-CUZUJ,0,0.07333333333333333
361,1764-VUUMT,0,0.0
362,1656-DRSMG,0,0.2028892496392497
363,3351-NQLDI,0,0.015
364,8681-ICONS,0,0.13943330645185598
365,6532-YLWSI,0,0.0
366,2636-OHFMN,1,0.5434508196911448
367,9967-ATRFS,0,0.22211593108078267
368,5196-WPYOW,0,0.01
369,2560-WBWXF,0,0.0
370,0567-XRHCU,0,0.02
371,0280-XJGEX,0,0.4991677767966468
372,0230-UBYPQ,0,0.0
373,4524-QCSSM,0,0.17802380952380947
374,5365-LLFYV,0,0.42455269549515295
375,3685-YLCMQ,0,0.4933571428571428
376,5394-MEITZ,0,0.0
377,9140-CZQZZ,0,0.0
378,4373-MAVJG,0,0.20963421300921298
379,2592-HODOV,0,0.03625364873255721
380,2203-GHNWN,0,0.3265487845487845
381,9441-QHEVC,0,0.22211593108078267
382,3544-FBCAS,0,0.000588235294117647
383,5930-GBIWP,0,0.0
384,2250-IVBWA,0,0.03166666666666666
385,8436-BJUMM,0,0.3314989965057301
386,5256-SKJGO,0,0.002
387,4884-TVUQF,0,0.1746706349206349
388,2883-ILGWO,0,0.10786233211233212
389,9095-HFAFX,1,0.6225289327115952
390,3567-PQTSO,0,0.2032193362193361
391,5562-BETPV,0,0.026388258059100955
392,1062-LHZOD,1,0.6008163780663781
393,2150-WLKUW,0,0.013857142857142856
394,8756-RDDLT,0,0.010647773279352226
395,7159-FVYPK,0,0.05
396,5597-GLBUC,1,0.6771748812547042
397,8687-BAFGU,0,0.49767249417249415
398,0895-LNKRC,0,0.026388258059100955
399,7126-RBHSD,1,0.5576574871541642
400,4430-YHXGG,0,0.0
401,0612-RTZZA,1,0.6122983136419031
402,3466-RITXD,0,0.2512698412698412
403,6338-AVWCY,1,0.7282551892551892
404,5968-XQIVE,0,0.35281890331890325
405,5816-SCGFC,0,0.10527775002774996
406,7758-UJWYS,0,0.14285714285714285
407,6862-CQUMB,1,0.6072182539682539
408,1963-SVUCV,1,0.5416820488642347
409,9174-IHETN,0,0.023166666666666665
410,0603-OLQDC,0,0.16723629148629146
411,6029-WTIPC,1,0.625435211546934
412,1195-OIYEJ,1,0.6893980374724131
413,3002-WQZWT,1,0.6844226957697217
414,8709-KRDVL,1,0.6417716921811301
415,4911-BANWH,1,0.8018903318903317
416,4534-WGCIR,0,0.0
417,5003-XZWWO,0,0.0
418,9318-NKNFC,0,0.22211593108078267
419,0829-XXPLX,0,0.49711111111111106
420,0505-SPOOW,0,0.0
421,5025-GOOKI,0,0.038862900140604235
422,6172-FECYY,0,0.3314989965057301
423,9499-XPZXM,0,0.01
424,1866-RZZQS,1,0.625435211546934
425,3721-CNZHX,0,0.0
426,3990-QYKBE,1,0.6844226957697217
427,0378-TOVMS,0,0.49767249417249415
428,3144-AUDBS,0,0.3354624329918449
429,4750-ZRXIU,1,0.6844226957697217
430,3339-EAQNV,0,0.017833333333333333
431,7351-MHQVU,1,0.7175
432,2790-XUYMV,0,0.3086666666666666
433,1568-BEKZM,0,0.0
434,5828-DWPIL,0,0.16336385836385833
435,6168-WFVVF,1,0.6893980374724131
436,5028-HTLJB,0,0.22211593108078267
437,7668-XCFYV,1,0.6844226957697217
438,2338-BQEZT,1,0.6257658730158729
439,5149-TGWDZ,0,0.36133333333333334
440,2000-DHJUY,0,0.0
441,5628-RKIFK,0,0.07416666666666667
442,7055-JCGNI,0,0.0
443,7296-PIXQY,1,0.7712748831816311
444,4237-RLAQD,0,0.42455269549515295
445,3453-RTHJQ,1,0.6893980374724131
446,3751-KTZEL,0,0.3845480217890872
447,1697-BCSHV,0,0.04080952380952381
448,9364-YKUVW,0,0.22211593108078267
449,4818-DRBQT,0,0.4890769376822006
450,5827-MWCZK,0,0.14433333333333334
451,0784-GTUUK,0,0.0
452,8802-UNOJF,1,0.6953333333333334
453,5093-FEGLU,0,0.0
454,0786-IVLAW,0,0.0
455,6807-SIWJI,0,0.05116666666666667
456,1976-CFOCS,1,0.5416820488642347
457,7587-AOVVU,0,0.14804761904761907
458,0235-KGSLC,0,0.3337071955821955
459,6999-CHVCF,0,0.0025
460,1077-HUUJM,1,0.7712748831816311
461,9696-RMYBA,1,0.5449486415164624
462,1027-LKKQQ,0,0.0
463,5248-YGIJN,0,0.0
464,9762-YAQAA,0,0.017833333333333333
465,7445-WMRBW,0,0.01
466,0674-EYYZV,1,0.5416820488642347
467,0771-WLCLA,0,0.13133333333333333
468,7996-BPXHY,0,0.0
469,7683-CBDKJ,0,0.014166666666666666
470,2511-ALLCS,0,0.0
471,2696-RZVZW,0,0.05836522981803876
472,6754-WKSHP,0,0.0
473,1895-QTKDO,0,0.38081327629199135
474,0107-YHINA,1,0.84339898989899
475,6776-TLWOI,0,0.22211593108078267
476,1492-KGETH,0,0.05
477,0536-ACXIP,0,0.0
478,4056-QHXHZ,0,0.16966666666666666
479,4007-NHVHI,1,0.6542197769550709
480,2024-BASKD,1,0.6728333333333332
481,9777-WJJPR,1,0.561365370740371
482,9780-FKVVF,0,0.0
483,5766-XQXMQ,0,0.015666666666666666
484,9503-XJUME,0,0.0
485,4737-HOBAX,0,0.01
486,7905-NJMXS,0,0.4958015873015873
487,5052-PNLOS,0,0.4991677767966468
488,3653-NCRDJ,0,0.026388258059100955
489,7611-YKYTC,1,0.7083489010989009
490,0328-GRPMV,1,0.6893980374724131
491,4548-SDBKE,1,0.6844226957697217
492,4628-CTTLA,1,0.5434508196911448
493,6910-HADCM,1,0.6771748812547042
494,2439-LYPMQ,1,0.5836390437293871
495,5985-TBABQ,0,0.054000000000000006
496,3251-YMVWZ,0,0.09589866506042974
497,7572-KPVKK,0,0.05883333333333333
498,5126-RCXYW,0,0.026666666666666665
499,3511-APPBJ,0,0.2124960317460317
500,9052-DHNKM,0,0.028333333333333332
501,8155-IBNHG,1,0.691518650058531
502,6010-DDPPW,0,0.0
503,2900-PHPLN,0,0.0
504,6281-FKEWS,0,0.3800793650793649
505,2013-SGDXK,1,0.666106940412785
506,2615-YVMYX,0,0.16336385836385833
507,8384-FZBJK,1,0.5123672438672439
508,8336-TAVKX,0,0.0
509,6101-IMRMM,1,0.6747341269841268
510,1919-RTPQD,1,0.5100851093351092
511,6509-TSGWN,0,0.0
512,4334-HOWRP,0,0.0
513,3389-YGYAI,1,0.5836390437293871
514,6682-QJDGB,0,0.07382178932178932
515,3886-CERTZ,1,0.6771666666666666
516,3761-FLYZI,0,0.4991677767966468
517,2651-ZCBXV,0,0.0
518,1589-AGTLK,1,0.5416820488642347
519,5550-VFRLC,1,0.6893980374724131
520,0114-PEGZZ,1,0.5836390437293871
521,2454-RPBRZ,1,0.5836390437293871
522,9552-TGUZV,1,0.7765238095238091
523,2580-ASVVY,0,0.02
524,0788-DXBFY,0,0.0
525,8746-OQQRW,0,0.10641172389701797
526,0820-FNRNX,0,0.149
527,1794-SWWKL,0,0.23583333333333328
528,1732-VHUBQ,1,0.6760949328449325
529,8316-BBQAY,0,0.0
530,4501-EQDRN,0,0.46030582995926145
531,0052-YNYOT,0,0.15826046176046182
532,8809-XKHMD,0,0.111
533,2577-GVSIL,0,0.17333333333333337
534,3807-BPOMJ,0,0.179393154522748
535,9306-CPCBC,1,0.6844226957697217
536,0506-YLVKJ,0,0.0
537,7410-KTVFV,0,0.3256179653679653
538,9993-LHIEB,0,0.0
539,8098-LLAZX,1,0.6844226957697217
540,0244-LGNFY,0,0.0
541,3995-WFCSM,0,0.4656349206349207
542,8584-KMVXD,1,0.666106940412785
543,3716-UVSPD,0,0.3354624329918449
544,5461-QKNTN,1,0.5505274170274173
545,8865-TNMNX,0,0.15
546,5260-UMPWX,0,0.10937847283435513
547,5916-QEWPT,0,0.007619047619047619
548,1447-GIQMR,1,0.6893980374724131
549,7551-JOHTI,0,0.22211593108078267
550,6233-HXJMX,1,0.561365370740371
551,0060-FUALY,1,0.6542197769550709
552,9866-QEVEE,1,0.6030441619456293
553,3014-WJKSM,0,0.3337071955821955
554,7677-SJJJK,0,0.0
555,4138-NAXED,0,0.4890769376822006
556,0734-OXWBT,0,0.19676587301587298
557,5616-PRTNT,0,0.23399579550174165
558,7136-IHZJA,0,0.15596428571428572
559,9391-LMANN,0,0.12833333333333333
560,4937-QPZPO,0,0.37020346320346315
561,7061-OVMIM,0,0.14569295537661056
562,8069-YQQAJ,0,0.440629120879121
563,8148-NLEGT,0,0.0
564,2001-MCUUW,0,0.0
565,2703-AMTUL,0,0.0
566,9962-BFPDU,0,0.13943330645185598
567,7598-UAASY,1,0.6771748812547042
568,2026-TGDHM,1,0.6893980374724131
569,5130-IEKQT,0,0.3970190365190366
570,3125-RAHBV,0,0.03625364873255721
571,3727-OWVYD,0,0.02
572,8920-NAVAY,0,0.04391305916305917
573,4274-DRSQT,0,0.23809920634920623
574,4010-YLMVT,0,0.2512698412698412
575,4813-HQMGZ,0,0.4477830670361629
576,6778-JFCMK,0,0.0
577,1269-FOYWN,0,0.14569295537661056
578,3445-HXXGF,0,0.2548849206349205
579,6212-ATMLK,1,0.6844226957697217
580,2987-BJXIK,0,0.0
581,0917-EZOLA,0,0.0
582,9837-BMCLM,1,0.6893980374724131
583,3927-NLNRY,0,0.07842857142857143
584,8338-QIUNR,0,0.0
585,5644-PDMZC,1,0.6417716921811301
586,3910-MRQOY,0,0.0
587,9732-EQMWY,1,0.6071908091908091
588,7486-KSRVI,0,0.011363636363636362
589,9143-CANJF,0,0.47542857142857137
590,0305-SQECB,0,0.003333333333333333
591,0118-JPNOY,1,0.6457857142857144
592,2495-INZWQ,1,0.6122983136419031
593,5512-IDZEI,0,0.01583333333333333
594,7450-NWRTR,1,0.625435211546934
595,4701-LKOZD,0,0.0
596,9746-MDMBK,0,0.022166666666666668
597,7028-DVOIQ,1,0.625435211546934
598,4667-QONEA,0,0.075
599,8896-BQTTI,0,0.10641172389701797
600,5003-OKNNK,0,0.0
601,6933-FHBZC,0,0.29866666666666664
602,1965-AKTSX,1,0.6417716921811301
603,9805-FILKB,0,0.14569295537661056
604,0432-CAJZV,1,0.5449486415164624
605,2603-HVKCG,1,0.6071908091908091
606,0587-DMGBH,0,0.4357154659066424
607,0412-UCCNP,0,0.0
608,3138-BKYAV,1,0.666106940412785
609,1092-GANHU,1,0.6771748812547042
610,9415-DPEWS,0,0.4477830670361629
611,5115-SQAAU,0,0.0
612,8945-MUQUF,0,0.05116666666666667
613,1229-RCALF,0,0.0
614,2344-JMOGN,1,0.6953333333333334
615,0495-ZBNGW,0,0.27943839493839495
616,2691-NZETQ,1,0.6844226957697217
617,1459-QNFQT,0,0.0
618,4451-RWASJ,0,0.026388258059100955
619,5756-JYOJT,0,0.04
620,7851-FLGGQ,0,0.3322738095238094
621,0661-WCQNQ,0,0.0225
622,7511-YMXVQ,1,0.6122983136419031
623,7629-WIXZF,0,0.0903021978021978
624,1794-HBQTJ,1,0.6257658730158729
625,2208-UGTGR,1,0.6417716921811301
626,3096-WPXBT,0,0.08616666666666667
627,7410-OIEDU,1,0.5047539682539682
628,5692-FPTAH,0,0.42455269549515295
629,6082-GLJIX,0,0.22211593108078267
630,3583-EKAPL,1,0.5416820488642347
631,9350-VLHMB,0,0.20963421300921298
632,5893-KCLGT,0,0.0
633,5277-ZLOOR,1,0.6844226957697217
634,5577-OTWWW,0,0.3155466893992125
635,9294-TDIPC,0,0.13943330645185598
636,1839-UMACK,0,0.27068650793650784
637,8752-STIVR,1,0.6893980374724131
638,1422-DGUBX,0,0.011363636363636362
639,2430-RRYUW,0,0.02083333333333333
640,5795-KTGUD,0,0.0025
641,3874-EQOEP,1,0.7840577458132989
642,0817-HSUSE,0,0.4434142246642246
643,0508-OOLTO,1,0.7712748831816311
644,8544-JNBOX,0,0.022606856937782038
645,4462-CYWMH,0,0.4890769376822006
646,8148-BPLZQ,0,0.24714726939726941
647,9572-MTILT,0,0.052111111111111115
648,7995-ZHHNZ,0,0.14424603174603173
649,7785-RDVIG,0,0.13943330645185598
650,0384-RVBPI,0,0.01
651,1452-VOQCH,1,0.6844226957697217
652,1047-RNXZV,0,0.022606856937782038
653,4530-NDRKU,0,0.0
654,0310-MVLET,1,0.5123672438672439
655,1837-YQUCE,0,0.0
656,9924-JPRMC,0,0.0
657,3916-NRPAP,0,0.3337071955821955
658,4510-PYUSH,0,0.08502380952380953
659,1302-UHBDD,1,0.6893980374724131
660,3317-VLGQT,1,0.6893980374724131
661,9700-ISPUP,0,0.01
662,3282-ZISZV,0,0.12125
663,1930-WNXSB,1,0.5654928609402293
664,4646-QZXTF,0,0.049166666666666664
665,5989-AXPUC,0,0.0
666,2215-ZAFGX,1,0.6844226957697217
667,5844-QVTAT,0,0.115
668,8949-JTMAY,1,0.561365370740371
669,9250-WYPLL,1,0.6844226957697217
670,5813-UECBU,0,0.44936208154590496
671,7181-BQYBV,1,0.9345833333333333
672,4367-NUYAO,0,0.0
673,0655-RBDUG,0,0.27943839493839495
674,9917-KWRBE,0,0.4235
675,0003-MKNFE,1,0.6476751304251305
676,8984-HPEMB,0,0.0
677,9158-VCTQB,0,0.05011904761904762
678,8109-YUOHE,0,0.02083333333333333
679,6082-OQFBA,0,0.026388258059100955
680,3049-NDXFL,1,0.7840577458132989
681,6734-FQAJX,0,0.2845238095238095
682,3473-XIIIT,1,0.6417716921811301
683,6953-PBDIN,0,0.005
684,1401-FTHFQ,0,0.0
685,0100-DUVFC,0,0.2542160617160616
686,6061-PQHMK,0,0.03625364873255721
687,2842-JTCCU,0,0.167956234082395
688,0292-WEGCH,0,0.03
689,9470-YFUYI,0,0.0
690,5125-CNDSP,0,0.0
691,0323-XWWTN,0,0.0
692,8221-HVAYI,0,0.05350408040980551
693,2916-BQZLN,1,0.5374686979686979
694,5899-MQZZL,1,0.7840577458132989
695,8562-GHPPI,0,0.038862900140604235
696,1104-FEJAM,0,0.073
697,3030-ZKIWL,0,0.22211593108078267
698,2866-IKBTM,0,0.22211593108078267
699,7674-YTAFD,0,0.2620195915195915
700,5002-GCQFH,1,0.702255772005772
701,5879-HMFFH,0,0.0
702,4946-EDSEW,0,0.13943330645185598
703,0607-DAAHE,0,0.0
704,4713-LZDRV,1,0.6893980374724131
705,2592-SEIFQ,1,0.6122983136419031
706,5701-YVSVF,0,0.49767249417249415
707,0685-MLYYM,1,0.6893980374724131
708,0274-JKUJR,0,0.29516666666666663
709,2384-OVPSA,0,0.022606856937782038
710,8711-LOBKY,0,0.0
711,8295-KMENE,0,0.0
712,7638-QVMVY,1,0.6893980374724131
713,8755-IWJHN,0,0.4991677767966468
714,9348-ROUAI,0,0.05350408040980551
715,3946-JEWRQ,0,0.044860902255639094
716,0402-CQAJN,0,0.4991677767966468
717,9470-RTWDV,0,0.23333333333333336
718,0666-UXTJO,0,0.3337071955821955
719,4059-IIEBK,0,0.4890769376822006
720,7839-NUIAA,0,0.03316666666666667
721,8603-IJWDN,1,0.6844226957697217
722,4622-YNKIJ,0,0.15583333333333335
723,4360-QRAVE,0,0.2548849206349205
724,9560-ARGQJ,1,0.7712748831816311
725,3144-KMTWZ,0,0.4991677767966468
726,4851-BQDNX,1,0.7136666666666668
727,5999-LCXAO,0,0.05525
728,6996-KNSML,1,0.6771748812547042
729,2812-SFXMJ,0,0.13943330645185598
730,1095-JUDTC,1,0.5505274170274173
731,3645-DEYGF,0,0.13943330645185598
732,5630-AHZIL,0,0.03
733,4718-DHSMV,0,0.3845480217890872
734,1421-HCERK,0,0.05011904761904762
735,2239-JALAW,0,0.0
736,2418-TPEUN,0,0.0
737,7957-RYHQD,1,0.8218333333333332
738,6319-QSUSR,0,0.10937847283435513
739,1406-PUQVY,0,0.18262012987012988
740,1907-YLNYW,0,0.005454545454545454
741,0139-IVFJG,0,0.29136138861138855
742,4625-EWPTF,0,0.4959727272727274
743,9932-WBWIK,0,0.22211593108078267
744,0650-BWOZN,1,0.666106940412785
745,0195-IESCP,1,0.6844226957697217
746,7267-FRMJW,0,0.0
747,9073-ZZIAY,0,0.0
748,2761-OCIAX,1,0.666106940412785
749,4203-QGNZA,0,0.13943330645185598
750,6478-HRRCZ,0,0.015
751,1902-XBTFB,0,0.15070329670329669
752,3640-JQGJG,0,0.44860317460317445
753,3058-HJCUY,0,0.415047619047619
754,8728-SKJLR,0,0.49767249417249415
755,2696-NARTR,0,0.49767249417249415
756,7109-MFBYV,1,0.5416820488642347
757,5447-VYTKW,0,0.01
758,7951-QKZPL,0,0.0
759,1686-STUHN,0,0.0
760,2252-ISRNH,0,0.37020346320346315
761,7529-ZDFXI,1,0.6417716921811301
762,7850-THJMU,0,0.0
763,9506-UXUSK,1,0.6893980374724131
764,5606-AMZBO,0,0.07416666666666667
765,1840-BIUOG,0,0.005
766,4578-PHJYZ,0,0.03833333333333334
767,5054-IEXZT,1,0.5654928609402293
768,1142-IHLOO,0,0.17471734259892152
769,2272-UOINI,0,0.42709523809523803
770,6326-MTTXK,1,0.6417716921811301
771,5876-HZVZM,0,0.042
772,5712-VBOXD,0,0.038862900140604235
773,2882-WDTBA,0,0.0
774,5474-LAMUQ,0,0.0
775,8645-KWHJO,0,0.4838809523809524
776,8414-MYSHR,1,0.6893980374724131
777,7623-HKYRK,0,0.13943330645185598
778,1925-TIBLE,1,0.6844226957697217
779,5626-MGTUK,1,0.5057299783549782
780,5154-VEKBL,0,0.3166587301587301
781,8725-JEDFD,1,0.5449486415164624
782,7488-MXJIV,1,0.6844226957697217
783,3223-DWFIO,1,0.6893980374724131
784,3748-FVMZZ,1,0.5163704906204906
785,7336-RLLRH,0,0.215
786,4318-RAJVY,0,0.0
787,5285-MVEHD,0,0.02283333333333333
788,2811-POVEX,1,0.7835
789,3128-YOVTD,1,0.5253809523809525
790,8393-JMVMB,0,0.22211593108078267
791,4565-EVZMJ,0,0.015
792,9950-MTGYX,0,0.0
793,7379-POKDZ,1,0.6893980374724131
794,2209-XADXF,1,0.6057936507936508
795,2739-CACDQ,1,0.561365370740371
796,1899-VXWXM,0,0.17641225441225433
797,1323-OOEPC,1,0.7473018071539745
798,9948-YPTDG,0,0.29136138861138855
799,7067-KSAZT,0,0.2542160617160616
800,5336-UFNZP,0,0.2032193362193361
801,0822-QGCXA,0,0.1317712842712843
802,4633-MKHYU,1,0.5449486415164624
803,3177-LASXD,1,0.6893980374724131
804,8328-SKJNO,0,0.0
805,7047-YXDMZ,0,0.22211593108078267
806,3415-TAILE,0,0.35546031746031737
807,9940-RHLFB,1,0.6771748812547042
808,2027-OAQQC,1,0.5589603174603175
809,3090-LETTY,0,0.03233333333333333
810,4188-FRABG,0,0.052111111111111115
811,7601-DHFWZ,0,0.05836522981803876
812,7359-SSBJK,0,0.0
813,0022-TCJCI,0,0.007222222222222222
814,3647-GMGDH,0,0.3337071955821955
815,5311-IHLEI,0,0.255
816,3623-FQBOX,0,0.22211593108078267
817,6061-GWWAV,0,0.115
818,8904-OPDCK,1,0.6057936507936508
819,1472-TNCWL,1,0.5654928609402293
820,8149-AIQCG,1,0.691518650058531
821,2587-YNLES,0,0.0
822,6595-YGXIT,1,0.6417716921811301
823,4811-JBUVU,0,0.3014055666555666
824,9274-UARKJ,0,0.27194047619047607
825,0345-HKJVM,1,0.6893980374724131
826,8400-WZICQ,0,0.014166666666666666
827,4299-SIMNS,1,0.5576574871541642
828,6131-IUNXN,0,0.13943330645185598
829,5044-XDPYX,0,0.0
830,7538-GWHML,1,0.6893980374724131
831,4667-OHGKG,0,0.22211593108078267
832,7243-LCGGZ,0,0.22211593108078267
833,5380-AFSSK,1,0.7840577458132989
834,6904-JLBGY,0,0.0
835,7762-URZQH,0,0.03386904761904762
836,4588-YBNIB,0,0.22211593108078267
837,5214-CHIWJ,0,0.0
838,5119-KEPFY,1,0.6030441619456293
839,6223-DHJGV,0,0.0
840,9822-OAOVB,1,0.5416820488642347
841,8242-JSVBO,0,0.167956234082395
842,9909-IDLEK,0,0.23985714285714285
843,9795-NREXC,0,0.0
844,4032-RMHCI,0,0.015
845,2320-TZRRH,0,0.0
846,2957-JIRMN,0,0.46803644392962573
847,0074-HDKDG,0,0.04583333333333333
848,9194-GFVOI,0,0.0
849,9955-QOPOY,0,0.0695
850,9374-YOLBJ,0,0.23399579550174165
851,3720-DBRWL,0,0.0
852,6543-XRMYR,1,0.6417716921811301
853,2692-BUCFV,0,0.28695238095238085
854,5131-PONJI,0,0.20677777777777773
855,1830-GGFNM,0,0.0
856,8017-UVSZU,0,0.01
857,0376-OIWME,1,0.6116707378244317
858,6214-EDAKZ,0,0.01
859,0464-WJTKO,0,0.0
860,3617-XLSGQ,0,0.005
861,6502-HCJTI,0,0.2512698412698412
862,8519-IMDHU,1,0.6030441619456293
863,5016-IBERQ,1,0.5836390437293871
864,6917-YACBP,0,0.16336385836385833
865,6434-TTGJP,0,0.0
866,8007-YYPWD,0,0.0
867,3933-DQPWX,0,0.01
868,2446-ZKVAF,0,0.01
869,7855-DIWPO,1,0.6893980374724131
870,5371-VYLSX,1,0.6542197769550709
871,9840-DVNDC,1,0.6225289327115952
872,2639-UGMAZ,0,0.2964761904761904
873,2719-BDAQO,1,0.6116707378244317
874,3799-ISUZQ,1,0.6760949328449325
875,3164-YAXFY,0,0.15870177970177968
876,6804-GDMOI,0,0.016262626262626263
877,6341-JVQGF,0,0.0
878,0929-HYQEW,0,0.1537896825396825
879,7554-AKDQF,0,0.42455269549515295
880,1552-CZCLL,0,0.10937847283435513
881,0611-DFXKO,1,0.5449486415164624
882,3689-MOZGR,1,0.5163704906204906
883,0744-GKNGE,0,0.2986666666666667
884,7596-LDUXP,0,0.13759126984126982
885,8592-PLTMQ,0,0.0
886,4480-QQRHC,1,0.5987619047619046
887,1936-CZAKF,0,0.0
888,0410-IPFTY,0,0.27194047619047607
889,4827-DPADN,0,0.003333333333333333
890,4307-KWMXE,0,0.010647773279352226
891,2799-TSLAG,0,0.0
892,7816-VGHTO,0,0.0
893,2320-JRSDE,0,0.23399579550174165
894,7114-AEOZE,0,0.0
895,6728-WYQBC,0,0.3155466893992125
896,3658-QQJYD,0,0.0
897,0215-BQKGS,1,0.5363809523809524
898,8648-PFRMP,1,0.6122983136419031
899,7359-WWYJV,0,0.0
900,3524-WQDSG,0,0.08254884004884006
901,2040-XBAVJ,0,0.24777630702630696
902,9621-OUPYD,0,0.0
903,5376-PCKNB,0,0.0
904,9801-NOSHQ,0,0.026388258059100955
905,3858-XHYJO,0,0.08589285714285713
906,8760-ZRHKE,0,0.05366666666666667
907,6122-LJADA,0,0.05350408040980551
908,6429-SHBCB,1,0.6476751304251305
909,3635-QQRQD,0,0.0
910,8915-NNTRC,0,0.0
911,2342-CKIAO,0,0.22211593108078267
912,1384-RCUXW,0,0.14214325533538472
913,8887-IPQNC,0,0.42455269549515295
914,2625-TRCZQ,1,0.5434508196911448
915,6257-DTAYD,0,0.007496753246753246
916,9495-SKLKD,1,0.659047619047619
917,6766-HFKLA,0,0.03625
918,3946-MHCZW,0,0.3256179653679653
919,2661-GKBTK,0,0.01
920,3249-ZPQRG,1,0.6417716921811301
921,5357-TZHPP,1,0.691518650058531
922,1174-FGIFN,0,0.19428571428571423
923,0013-SMEOE,0,0.4653333333333334
924,5135-RDDQL,0,0.10904761904761905
925,3195-TQDZX,0,0.15692299262758092
926,7587-RZNME,1,0.5416820488642347
927,1628-BIZYP,1,0.666106940412785
928,2257-BOVXD,0,0.0125
929,5982-FPVQN,1,0.6211188223541165
930,7401-RUBNK,1,0.6116707378244317
931,4657-FWVFY,1,0.5087445887445887
932,2242-MFOTG,0,0.03666666666666667
933,0869-PAPRP,0,0.3337071955821955
934,6919-ELBGL,0,0.24777630702630696
935,9659-QEQSY,0,0.052111111111111115
936,3086-RUCRN,0,0.05011904761904762
937,8337-UPOAQ,1,0.625435211546934
938,6691-CCIHA,0,0.047
939,5445-GLVOT,0,0.4357154659066424
940,9152-AMKAK,0,0.0
941,2192-CKRLV,0,0.0025
942,3078-ZKNTS,0,0.0
943,3045-XETSH,1,0.5836390437293871
944,3981-QSVQI,0,0.3155466893992125
945,3452-ABWRL,1,0.691518650058531
946,7255-SSFBC,0,0.008333333333333333
947,2674-MLXMN,1,0.7473018071539745
948,8229-TNIQA,0,0.42455269549515295
949,7409-JURKQ,0,0.04391305916305917
950,6023-GSSXW,0,0.053
951,3312-UUMZW,1,0.7473018071539745
952,1386-ZIKUV,0,0.22211593108078267
953,3340-QBBFM,0,0.04
954,6418-PIQSP,0,0.0
955,0582-AVCLN,0,0.022606856937782038
956,2000-MPKCA,0,0.47136485736485745
957,7632-YUTXB,0,0.026388258059100955
958,5879-SESNB,1,0.6844226957697217
959,7954-MLBUN,0,0.0
960,7647-GYYKX,0,0.0
961,8174-TBVCF,0,0.0
962,4312-GVYNH,0,0.0
963,2233-FAGXV,0,0.0
964,8942-DBMHZ,0,0.22211593108078267
965,3058-WQDRE,1,0.6057936507936508
966,1761-AEZZR,1,0.6893980374724131
967,9611-CTWIH,1,0.6893980374724131
968,0999-QXNSA,0,0.35546031746031737
969,8992-OBVDG,0,0.3256179653679653
970,6968-GMKPR,1,0.6071908091908091
971,9961-JBNMK,1,0.5987619047619046
972,2234-EOFPT,0,0.0
973,4385-GZQXV,0,0.49767249417249415
974,9170-CCKOU,0,0.24832142857142855
975,4644-PIZRT,0,0.05
976,9079-LWTFD,0,0.12416666666666668
977,0430-IHCDJ,0,0.3192802475302473
978,4925-LMHOK,0,0.07
979,4248-QPAVC,1,0.9791666666666667
980,8644-XLFBW,1,0.6893980374724131
981,8822-KNBHV,0,0.016428571428571428
982,8883-ANODQ,0,0.02
983,4825-XJGDM,0,0.12
984,7503-EPSZW,0,0.0
985,9495-REDIY,0,0.1856666666666667
986,1757-TCATG,0,0.14569295537661056
987,9919-YLNNG,0,0.2829494949494949
988,5324-KTGCG,0,0.15826046176046182
989,0318-QUUOB,1,0.6893980374724131
990,2091-GPPIQ,0,0.028333333333333332
991,2403-BCASL,0,0.36396428571428563
992,8868-GAGIO,1,0.7066507936507938
993,1641-RQDAY,1,0.5123672438672439
994,5136-RGMZO,0,0.19322222222222218
995,6339-TBELP,0,0.027258047508047514
996,8006-PYCSW,0,0.22211593108078267
997,1319-YLZJG,0,0.12834279609279606
998,5240-IJOQT,1,0.6844226957697217
999,3213-VVOLG,0,0.0
1000,7554-NEWDD,0,0.0
1001,9065-ZCPQX,0,0.0
1002,3938-YFPXD,0,0.0
1003,7673-BQGKU,0,0.0
1004,5537-UXXVS,0,0.3155466893992125
1005,8739-WWKDU,1,0.6417716921811301
1006,8824-RWFXJ,0,0.48949999999999994
1007,4210-QFJMF,1,0.6893980374724131
1008,7504-UWHNB,1,0.6893980374724131
1009,3884-UEBXB,0,0.03369047619047619
1010,9871-ELEYA,0,0.0
1011,2533-QVMSK,0,0.19865873015873017
1012,3120-FAZKD,0,0.0
1013,3878-AVSOQ,1,0.6893980374724131
1014,8665-UTDHZ,0,0.28381349206349193
1015,9717-QEBGU,1,0.6893980374724131
1016,2839-RFSQE,0,0.22211593108078267
1017,5186-SAMNZ,0,0.46030582995926145
1018,7184-LRUUR,0,0.09883333333333334
1019,9975-GPKZU,0,0.0
1020,7337-CINUD,0,0.0
1021,2208-MPXIO,0,0.0
1022,9846-GKXAS,0,0.46030582995926145
1023,4931-TRZWN,0,0.4357154659066424
1024,3211-ILJTT,0,0.46030582995926145
1025,2054-PJOCK,1,0.715
1026,7621-VPNET,0,0.4514134199134199
1027,3950-VPYJB,0,0.01
1028,3629-WEAAM,0,0.036111111111111115
1029,4482-FTFFX,0,0.4434142246642246
1030,3474-BAFSJ,0,0.0025
1031,4567-AKPIA,0,0.1697142857142857
1032,5419-JPRRN,1,0.625435211546934
1033,3096-YXENJ,0,0.2542941364191363
1034,5195-KPUNQ,0,0.044833333333333336
1035,7872-RDDLZ,0,0.0
1036,1696-MZVAU,0,0.20633333333333329
1037,4632-XJMEX,1,0.5608333333333334
1038,6688-UZPWD,1,0.6417716921811301
1039,4636-JGAAI,0,0.14214325533538472
1040,4145-UQXUQ,1,0.6771748812547042
1041,4933-BSAIP,0,0.022606856937782038
1042,7175-NTIXE,0,0.30597619047619046
1043,7521-YXVZY,0,0.13943330645185598
1044,2961-VNFKL,0,0.05836522981803876
1045,6248-BSHKG,0,0.026388258059100955
1046,9507-HSMMZ,0,0.022606856937782038
1047,7639-OPLNG,0,0.0
1048,3285-UCQVC,0,0.10798484848484849
1049,7129-CAKJW,0,0.27943839493839495
1050,3870-MQAMG,1,0.6771666666666666
1051,6060-QBMGV,0,0.0
1052,9102-IAYHT,0,0.3314989965057301
1053,3580-REOAC,0,0.38081327629199135
1054,7718-RXDGG,0,0.46030582995926145
1055,3050-RLLXC,0,0.05350408040980551
1056,2115-BFTIW,1,0.5449486415164624
1057,5168-MQQCA,0,0.04391305916305917
1058,4712-AUQZO,0,0.11833333333333332
1059,4598-XLKNJ,1,0.6071908091908091
1060,2637-FKFSY,0,0.42455269549515295
1061,3892-NXAZG,0,0.0
1062,9206-GVPEQ,1,0.5560198412698413
1063,0447-RXSGD,0,0.4890769376822006
1064,7054-DMVAS,0,0.0
1065,4538-WNTMJ,0,0.0
1066,2466-FCCPT,0,0.14569295537661056
1067,3675-EQOZA,0,0.3155466893992125
1068,0516-QREYC,0,0.22211593108078267
1069,7675-OZCZG,1,0.5416820488642347
1070,8357-EQXFO,1,0.6771748812547042
1071,9480-BQJEI,0,0.32761904761904753
1072,1679-JRFBR,0,0.08616666666666667
1073,5173-WXOQV,0,0.2909642857142857
1074,4213-HKBJO,0,0.05836522981803876
1075,6968-URWQU,0,0.043848484848484845
1076,8791-GFXLZ,0,0.0013333333333333333
1077,1550-LOAHA,0,0.27194047619047607
1078,7268-WNTCP,0,0.0
1079,3158-MOERK,1,0.6844226957697217
1080,4942-VZZOM,0,0.14424603174603173
1081,6563-VRERX,0,0.026388258059100955
1082,4712-UYOOI,0,0.23399579550174165
1083,4702-HDRKD,0,0.0
1084,0946-CLJTI,1,0.625435211546934
1085,3521-MNKLV,0,0.3256179653679653
1086,0529-ONKER,1,0.6844226957697217
1087,6723-WSNTY,0,0.056523809523809525
1088,9589-ABEPT,0,0.034333333333333334
1089,5919-VCZYM,0,0.22211593108078267
1090,6198-PNNSZ,0,0.0
1091,2782-LFZVW,1,0.6476751304251305
1092,8847-GEOOQ,0,0.1975
1093,9254-RBFON,0,0.05666666666666667
1094,4445-KWOKW,0,0.07175
1095,1347-KTTTA,0,0.094
1096,6007-TCTST,0,0.24777630702630696
1097,4632-PAOYU,0,0.026388258059100955
1098,0887-WBJVH,0,0.14208333333333334
1099,2928-HLDBA,0,0.22211593108078267
1100,2545-LXYVJ,0,0.0
1101,6960-HVYXR,1,0.6844226957697217
1102,9625-RZFUK,0,0.0
1103,8755-OGKNA,0,0.0
1104,6689-VRRTK,0,0.029119047619047617
1105,1245-HARPS,0,0.022606856937782038
1106,2984-TBYKU,0,0.0
1107,3027-ZTDHO,1,0.6893980374724131
1108,1371-WEPDS,0,0.09313638571726805
1109,5955-EPOAZ,0,0.22211593108078267
1110,4957-TREIR,0,0.30597619047619046
1111,0859-YGKFW,0,0.14569295537661056
1112,9375-MHRRS,0,0.11985392385392382
1113,8076-FEZKJ,0,0.0
1114,4623-ZKHLY,0,0.3155466893992125
1115,4897-QSUYC,0,0.22211593108078267
1116,3472-OAOOR,0,0.20220634920634917
1117,1635-HDGFT,0,0.0
1118,3896-RCYYE,0,0.002
1119,6794-HKIAJ,0,0.41640873015873
1120,4396-KLSEH,0,0.15692299262758092
1121,5404-GGUKR,0,0.24714726939726941
1122,7115-IRDHS,0,0.0
1123,9242-TKFSV,0,0.0
1124,4237-CLSMM,0,0.22211593108078267
1125,4683-WYDOU,0,0.03625
1126,1163-ONYEY,0,0.20866666666666667
1127,8979-CAMGB,0,0.4933571428571428
1128,8327-WKMIE,0,0.03625364873255721
1129,2684-EIWEO,0,0.24832142857142855
1130,9110-HSGTV,0,0.0
1131,2122-YWVYA,1,0.6116707378244317
1132,3301-VKTGC,0,0.1275
1133,4835-YSJMR,0,0.059500000000000004
1134,9970-QBCDA,0,0.038862900140604235
1135,1809-DMJHQ,0,0.35546031746031737
1136,5301-GAUUY,0,0.4890769376822006
1137,4250-ZBWLV,1,0.6771666666666666
1138,4208-UFFGW,0,0.42455269549515295
1139,9097-ZUBYC,1,0.5828784271284271
1140,2865-TCHJW,1,0.625435211546934
1141,5899-OUVKV,1,0.666106940412785
1142,0993-OSGPT,0,0.13228571428571428
1143,3594-UVONA,0,0.01
1144,6702-OHFWR,0,0.2548849206349205
1145,5445-UTODQ,1,0.6893980374724131
1146,9505-SQFSW,0,0.3982619047619048
1147,0348-SDKOL,0,0.4514134199134199
1148,8168-UQWWF,0,0.27943839493839495
1149,1678-FYZOW,1,0.6893980374724131
1150,8917-FAEMR,0,0.022606856937782038
1151,8290-YWKHZ,1,0.6844226957697217
1152,8741-LQOBK,0,0.19317460317460317
1153,8241-JUIQO,0,0.0
1154,4083-EUGRJ,0,0.22211593108078267
1155,1991-VOPLL,0,0.22211593108078267
1156,8263-OKETD,0,0.07
1157,7080-TNUWP,0,0.0
1158,2144-ESWKO,0,0.03972222222222222
1159,0397-GZBBC,1,0.6030441619456293
1160,4510-HIMLV,1,0.6893980374724131
1161,3982-DQLUS,0,0.22204761904761894
1162,3694-GLTJM,0,0.038862900140604235
1163,7823-JSOAG,1,0.6844226957697217
1164,4234-XTNEA,1,0.6893980374724131
1165,4584-LBNMK,0,0.0
1166,7016-BPGEU,0,0.13172194472194468
1167,0423-UDIJQ,0,0.11985392385392382
1168,2277-VWCNI,1,0.6476751304251305
1169,0174-QRVVY,0,0.0
1170,4079-ULGFR,0,0.22211593108078267
1171,8406-LNMHF,0,0.02283333333333333
1172,7459-IMVYU,0,0.105
1173,9761-XUJWD,0,0.006666666666666666
1174,8100-HZZLJ,0,0.014166666666666666
1175,8974-OVACP,0,0.22211593108078267
1176,2266-SJNAT,0,0.056523809523809525
1177,4390-KYULV,0,0.038862900140604235
1178,5799-JRCZO,0,0.0
1179,3721-WKIIL,0,0.022606856937782038
1180,9799-CAYJJ,1,0.6893980374724131
1181,5918-VUKWP,0,0.0
1182,1061-PNTHC,0,0.21466666666666664
1183,5138-WVKYJ,1,0.5576574871541642
1184,6386-SZZKH,0,0.008333333333333333
1185,9402-ROUMJ,0,0.12516666666666668
1186,0130-SXOUN,1,0.7473018071539745
1187,5091-HFAZW,0,0.29136138861138855
1188,9638-JIQYA,0,0.13172194472194468
1189,6581-NQCBA,1,0.5163704906204906
1190,6857-TKDJV,0,0.0
1191,7537-CBQUZ,0,0.41640873015873
1192,0289-IVARM,0,0.13699206349206347
1193,4625-XMOYM,0,0.0
1194,5593-SUAOO,0,0.10116666666666665
1195,0376-YMCJC,0,0.4477830670361629
1196,2034-GDRCN,1,0.6893980374724131
1197,2905-KFQUV,1,0.6225289327115952
1198,4074-SJFFA,0,0.42455269549515295
1199,5732-IKGQH,0,0.06166666666666666
1200,7594-LZNWR,1,0.6225289327115952
1201,4795-WRNVT,0,0.3183333333333333
1202,0479-HMSWA,0,0.17833333333333332
1203,8701-DGLVH,0,0.022606856937782038
1204,6725-TPKJO,0,0.022606856937782038
1205,9710-NJERN,0,0.022606856937782038
1206,5366-OBVMR,0,0.11985392385392382
1207,6933-VLYFX,0,0.12
1208,2223-GDSHL,0,0.24777630702630696
1209,8138-EALND,0,0.22211593108078267
1210,9053-JZFKV,0,0.0
1211,8468-EHYJA,1,0.5576574871541642
1212,2672-HUYVI,1,0.6893980374724131
1213,6959-GQEGV,0,0.005454545454545454
1214,8158-WPEZG,0,0.010647773279352226
1215,9537-JALFH,0,0.0
1216,4908-XAXAY,0,0.4848333333333335
1217,2514-GINMM,1,0.6893980374724131
1218,1371-DWPAZ,0,0.0
1219,8563-OYMQY,0,0.2653109668109666
1220,9564-KCLHR,0,0.11985392385392382
1221,4123-FCVCB,0,0.4743333333333334
1222,4310-KEDTB,0,0.40082539682539675
1223,0862-PRCBS,0,0.0275
1224,6394-HHHZM,0,0.22211593108078267
1225,4195-SMMNX,0,0.22211593108078267
1226,1307-ATKGB,1,0.6071908091908091
1227,7693-QPEFS,1,0.6030441619456293
1228,9114-DPSIA,0,0.05350408040980551
1229,8565-CLBZW,0,0.3265487845487845
1230,9530-EHPOH,0,0.34508333333333335
1231,0392-BZIUW,0,0.03386904761904762
1232,3795-CAWEX,0,0.0
1233,0431-APWVY,0,0.045
1234,3969-GYXEL,1,0.6116707378244317
1235,1345-ZUKID,0,0.0
1236,1641-BYBTK,0,0.13943330645185598
1237,1984-FCOWB,1,0.6771666666666666
1238,0931-MHTEM,0,0.022000000000000002
1239,9906-NHHVC,0,0.12655555555555556
1240,0674-GCDXG,0,0.0
1241,8740-XLHDR,0,0.10419047619047618
1242,3733-ZEECP,0,0.2713838383838384
1243,9927-DSWDF,0,0.35205952380952377
1244,0023-UYUPN,0,0.27068650793650784
1245,3387-PLKUI,0,0.13943330645185598
1246,0654-PQKDW,1,0.6483333333333334
1247,7579-KKLOE,0,0.0
1248,6559-RAKOZ,0,0.19428571428571423
1249,5995-OIGLP,0,0.01
1250,6253-WRFHY,0,0.2612329892329892
1251,3411-WLRSQ,0,0.27194047619047607
1252,2333-KWEWW,0,0.0
1253,2805-EDJPQ,0,0.0215
1254,5522-JBWMO,1,0.5100851093351092
1255,2253-KPMNB,0,0.0
1256,6231-WFGFH,0,0.13943330645185598
1257,2649-HWLYB,0,0.0
1258,4686-GEFRM,0,0.2542941364191363
1259,3486-NPGST,0,0.0
1260,8329-UTMVM,0,0.12341242091242088
1261,8314-HTWVE,0,0.0
1262,7831-QGOXH,1,0.6844226957697217
1263,1945-XISKS,0,0.022606856937782038
1264,1395-OFUWC,0,0.06098412698412698
1265,1209-VFFOC,0,0.0
1266,5022-KVDQT,1,0.625435211546934
1267,7421-ZLUPA,0,0.440629120879121
1268,1215-EXRMO,0,0.022606856937782038
1269,4923-ADWXJ,0,0.006666666666666666
1270,7398-HPYZQ,0,0.0
1271,6583-KQJLK,1,0.666106940412785
1272,3646-ITDGM,0,0.0
1273,7203-OYKCT,0,0.2542160617160616
1274,8679-JOEVF,0,0.3354624329918449
1275,2931-FSOHN,0,0.24714726939726941
1276,5940-AHUHD,1,0.5449486415164624
1277,5804-LEPIM,1,0.6893980374724131
1278,1958-RNRKS,0,0.3192802475302473
1279,5038-ETMLM,0,0.0
1280,4616-EWBNJ,0,0.0
1281,8199-ZLLSA,0,0.0
1282,3143-JQEGI,1,0.7712748831816311
1283,9842-EFSYY,0,0.29516666666666663
1284,2749-CTKAJ,0,0.026388258059100955
1285,2432-TFSMK,0,0.012724358974358974
1286,2969-WGHQO,0,0.02333333333333333
1287,5536-RTPWK,0,0.4890769376822006
1288,5233-GEEAX,1,0.6568442478132038
1289,9931-DCEZH,0,0.43900000000000006
1290,6195-MELTI,1,0.635
1291,3512-IZIKN,0,0.0
1292,2141-RRYGO,0,0.0013333333333333333
1293,7361-YPXFS,0,0.1301060606060606
1294,0136-IFMYD,0,0.0
1295,7218-HKQFK,0,0.49767249417249415
1296,6899-PPEEA,1,0.6844226957697217
1297,8735-IJJEG,0,0.007619047619047619
1298,1169-WCVAK,0,0.07166666666666666
1299,1625-JAIIY,0,0.42276436112906696
1300,9297-EONCV,0,0.0
1301,7799-DSEWS,0,0.27891666666666665
1302,5652-MSDEY,1,0.7840577458132989
1303,9894-QMIMJ,0,0.09883333333333334
1304,8133-ANHHJ,0,0.0
1305,2324-EFHVG,0,0.0
1306,2831-EBWRN,1,0.5416820488642347
1307,3727-JEZTU,0,0.22211593108078267
1308,7251-LJBQN,0,0.22130952380952365
1309,6582-PLFUU,0,0.0
1310,1918-ZBFQJ,1,0.6071908091908091
1311,9860-LISIZ,0,0.22211593108078267
1312,9050-QLROH,1,0.561365370740371
1313,5175-WLYXL,0,0.14214325533538472
1314,4732-RRJZC,0,0.13943330645185598
1315,7975-JMZNT,0,0.0
1316,4298-OYIFC,1,0.5227109834609834
1317,8232-UTFOZ,0,0.0
1318,7665-NKLAV,0,0.0
1319,1261-FWTTE,1,0.6057936507936508
1320,5150-ITWWB,1,0.6844226957697217
1321,7139-JZFVG,0,0.0075
1322,9210-IAHGH,0,0.04
1323,3186-AJIEK,0,0.16266666666666665
1324,5149-QYTTU,0,0.0415
1325,4191-XOVOM,1,0.5505274170274173
1326,4800-VHZKI,0,0.22211593108078267
1327,8631-NBHFZ,0,0.05350408040980551
1328,6250-CGGUN,0,0.341047619047619
1329,8067-NIOYM,0,0.0
1330,8623-ULFNQ,1,0.5037501803751804
1331,4860-IJUDE,1,0.6457857142857144
1332,7814-LEEVE,0,0.3155466893992125
1333,1623-NLDOT,0,0.32616666666666666
1334,2139-FQHLM,1,0.7191190476190473
1335,6465-GSRCL,0,0.037333333333333336
1336,1370-GGAWX,0,0.2542160617160616
1337,5760-IFJOZ,0,0.3970190365190366
1338,2516-VQRRV,1,0.7840577458132989
1339,8173-RXAYP,0,0.0
1340,1755-RMCXH,0,0.13943330645185598
1341,2710-WYVXG,0,0.0
1342,7982-VCELR,1,0.6072182539682539
1343,3896-ZVNET,0,0.0
1344,5803-NQJZO,0,0.0
1345,9290-SHCMB,1,0.6771748812547042
1346,4250-FDVOU,1,0.5646006493506494
1347,0224-RLWWD,1,0.5416820488642347
1348,1591-MQJTP,0,0.08589285714285713
1349,7802-EFKNY,1,0.6122983136419031
1350,8644-XYTSV,0,0.46099999999999997
1351,4727-MCYZG,0,0.42455269549515295
1352,9803-FTJCG,0,0.02
1353,4355-CVPVS,0,0.045
1354,4770-QAZXN,0,0.038862900140604235
1355,6394-MFYNG,0,0.4991677767966468
1356,9570-KYEUA,0,0.1746706349206349
1357,1577-HKTFG,0,0.3155466893992125
1358,1335-MXCSE,0,0.0
1359,8401-EMUWF,0,0.03233333333333333
1360,5542-NKVRU,0,0.0
1361,2959-EEXWB,0,0.08571428571428572
1362,6486-LHTMA,0,0.22449278499278497
1363,2455-USLMV,0,0.05333333333333333
1364,9388-ZEYVT,0,0.28954761904761905
1365,2239-CFOUJ,0,0.026388258059100955
1366,5099-BAILX,0,0.15116666666666667
1367,8294-UIMBA,0,0.11044022644022645
1368,3649-JPUGY,0,0.005
1369,9912-OMZDS,0,0.2032193362193361
1370,4159-NAAIX,0,0.2829444444444444
1371,0307-BCOPK,0,0.0
1372,9127-FHJBZ,0,0.2601468253968254
1373,9764-REAFF,0,0.0
1374,8993-PHFWD,1,0.6122983136419031
1375,6569-KTMDU,0,0.22211593108078267
1376,3956-MGXOG,1,0.6893980374724131
1377,9802-CAQUT,0,0.01
1378,8372-JUXUI,0,0.3314989965057301
1379,4817-VYYWS,1,0.6417716921811301
1380,0439-IFYUN,1,0.666106940412785
1381,4521-WFJAI,0,0.0
1382,4455-BFSPD,0,0.15461877011877015
1383,6572-ADKRS,0,0.3337071955821955
1384,7703-ZEKEF,1,0.625435211546934
1385,1262-OPMFY,1,0.5987619047619046
1386,1131-SUEKT,1,0.68
1387,4983-CCWMC,1,0.5449486415164624
1388,3736-BLEPA,0,0.2620195915195915
1389,6152-ONASV,0,0.0
1390,0336-KXKFK,0,0.0
1391,5018-LXQQG,0,0.03
1392,2834-JRTUA,0,0.0075
1393,2362-IBOOY,1,0.6844226957697217
1394,7824-PANSQ,1,0.6951951659451661
1395,0188-GWFLE,0,0.22211593108078267
1396,7743-EXURX,1,0.6240238095238094
1397,9770-LXDBK,0,0.22211593108078267
1398,7595-EUIVN,1,0.666106940412785
1399,4640-UHDOS,1,0.5100851093351092
1400,7198-GLXTC,1,0.6893980374724131
1401,2235-DWLJU,1,0.6122983136419031
1402,9026-LHEVG,1,0.5434508196911448
1403,2369-FEVNO,0,0.22211593108078267
1404,5480-TBGPH,0,0.2653109668109666
1405,1098-TDVUQ,0,0.3155466893992125
1406,2486-WYVVE,0,0.1825
1407,5076-YVXCM,1,0.6030441619456293
1408,0374-AACSZ,0,0.4357154659066424
